Workbook

Sheet HOME
A1: DECISION ENGINE
A3: Make Better Decisions Using Your Priorities
A5: Compare options using custom criteria and importance weights.
A10: INPUT | F10: RESULT | K10: SETTINGS
A11: =HYPERLINK("#INPUT!A1","Open input screen") -> Open input screen | F11: =HYPERLINK("#RESULT!A1","Open analysis") -> Open analysis | K11: =HYPERLINK("#SETTINGS!A1","Open settings") -> Open settings
A12: Add options, weights, and scores. | F12: Scores, rank, and charts. | K12: Types and scenario profiles.
A17: HOW IT WORKS
A18: 1 | B18: Define your decision | C18: Write the question you need to answer.
A19: 2 | B19: Add the options | C19: Enter up to four choices. Blank options are ignored.
A20: 3 | B20: Choose your criteria | C20: Add up to eight factors that matter.
A21: 4 | B21: Set importance weights | C21: Percentages must total 100%.
A22: 5 | B22: Rate each option | C22: Score each option from 1 to 10.
A23: 6 | B23: Review the results | C23: Open RESULT. A new weight updates the rank.
A25: CURRENT DECISION
A26: Decision | B26: =IF(INPUT!B4="","",INPUT!B4) -> Which laptop should I buy?
A27: Leading option | B27: =IF(CALCULATOR!B11="","",CALCULATOR!B11) -> lenovo | D27: =IF(CALCULATOR!B6="","",TEXT(MAX(CALCULATOR!B6:B9),"0.00")&" / 10") -> 8.35 / 10
A28: Weights | B28: =INPUT!C23 -> ✓ Weights are valid
A30: =HYPERLINK("#CALCULATOR!A1","Open calculator") -> Open calculator | D30: Example loaded: laptop purchase.

Sheet INPUT
A1: DECISION INPUT
A4: Decision Name | B4: Which laptop should I buy?
A6: Decision Type | B6: Laptop
A9: OPTIONS
A10: Option | B10: lenovo | C10: HP | D10: ASUS | G10: Up to 4 names. Leave unused options blank.
A13: CRITERIA AND IMPORTANCE
A14: Criterion | B14: Importance
A15: Price | B15: 0.25
A16: Performance | B16: 0.3
A17: Battery | B17: 0.1
A18: Display | B18: 0.1
A19: Upgradeability | B19: 0.15
A20: Warranty | B20: 0.1
B21: 0
B22: 0
A23: TOTAL WEIGHT | B23: =SUM(B15:B22) -> 1 | C23: =IF(ABS(B23-1)<0.0001,"✓ Weights are valid","⚠ Weights must total 100%") -> ✓ Weights are valid | D23: Weights must total 100%.
A26: OPTION SCORES
A27: Criterion | B27: =IF(B10="","Option 1",B10) -> lenovo | C27: =IF(C10="","Option 2",C10) -> HP | D27: =IF(D10="","Option 3",D10) -> ASUS | E27: =IF(E10="","Option 4",E10) -> Option 4 | G27: Scores are whole numbers from 1 to 10.
A28: =IF(A15="","",A15) -> Price | B28: 8 | C28: 9 | D28: 7
A29: =IF(A16="","",A16) -> Performance | B29: 9 | C29: 7 | D29: 10
A30: =IF(A17="","",A17) -> Battery | B30: 7 | C30: 9 | D30: 6
A31: =IF(A18="","",A18) -> Display | B31: 8 | C31: 8 | D31: 9
A32: =IF(A19="","",A19) -> Upgradeability | B32: 9 | C32: 6 | D32: 8
A33: =IF(A20="","",A20) -> Warranty | B33: 8 | C33: 9 | D33: 7
A34: =IF(A21="","",A21)
A35: =IF(A22="","",A22)
A37: Blue cells are inputs.

Sheet CALCULATOR
A1: CALCULATION ENGINE
A3: Formulas only. Score x weight, 0-10 scale.
A5: Option | B5: Weighted Score | C5: Percentage | D5: Position | E5: Score / 10 | G5: Chart label | H5: Chart score
A6: =IF(INPUT!B10="","",INPUT!B10) -> lenovo | B6: {=IF(A6="","",SUMPRODUCT((INPUT!$A$15:$A$22<>"")*(INPUT!B28:B35)*(INPUT!$B$15:$B$22)))} -> 8.35 | C6: =IF(B6="","",B6/10) -> 0.835 | D6: =IF(B6="","",COUNTIF($B$6:$B$9,">"&B6)+1) -> 1 | E6: =IF(B6="","",TEXT(B6,"0.00")&" / 10") -> 8.35 / 10 | G6: {=IFERROR(INDEX($A$6:$A$9,_xlfn.AGGREGATE(15,6,(ROW($A$6:$A$9)-ROW($A$6)+1)/($A$6:$A$9<>""),1)),"")} -> lenovo | H6: {=IF(G6="","",INDEX($B$6:$B$9,_xlfn.AGGREGATE(15,6,(ROW($A$6:$A$9)-ROW($A$6)+1)/($A$6:$A$9<>""),1)))} -> 8.35
A7: =IF(INPUT!C10="","",INPUT!C10) -> HP | B7: {=IF(A7="","",SUMPRODUCT((INPUT!$A$15:$A$22<>"")*(INPUT!C28:C35)*(INPUT!$B$15:$B$22)))} -> 7.85 | C7: =IF(B7="","",B7/10) -> 0.785 | D7: =IF(B7="","",COUNTIF($B$6:$B$9,">"&B7)+1) -> 3 | E7: =IF(B7="","",TEXT(B7,"0.00")&" / 10") -> 7.85 / 10 | G7: {=IFERROR(INDEX($A$6:$A$9,_xlfn.AGGREGATE(15,6,(ROW($A$6:$A$9)-ROW($A$6)+1)/($A$6:$A$9<>""),2)),"")} -> HP | H7: {=IF(G7="","",INDEX($B$6:$B$9,_xlfn.AGGREGATE(15,6,(ROW($A$6:$A$9)-ROW($A$6)+1)/($A$6:$A$9<>""),2)))} -> 7.85
A8: =IF(INPUT!D10="","",INPUT!D10) -> ASUS | B8: {=IF(A8="","",SUMPRODUCT((INPUT!$A$15:$A$22<>"")*(INPUT!D28:D35)*(INPUT!$B$15:$B$22)))} -> 8.15 | C8: =IF(B8="","",B8/10) -> 0.815 | D8: =IF(B8="","",COUNTIF($B$6:$B$9,">"&B8)+1) -> 2 | E8: =IF(B8="","",TEXT(B8,"0.00")&" / 10") -> 8.15 / 10 | G8: {=IFERROR(INDEX($A$6:$A$9,_xlfn.AGGREGATE(15,6,(ROW($A$6:$A$9)-ROW($A$6)+1)/($A$6:$A$9<>""),3)),"")} -> ASUS | H8: {=IF(G8="","",INDEX($B$6:$B$9,_xlfn.AGGREGATE(15,6,(ROW($A$6:$A$9)-ROW($A$6)+1)/($A$6:$A$9<>""),3)))} -> 8.15
A9: =IF(INPUT!E10="","",INPUT!E10) | B9: {=IF(A9="","",SUMPRODUCT((INPUT!$A$15:$A$22<>"")*(INPUT!E28:E35)*(INPUT!$B$15:$B$22)))} | C9: =IF(B9="","",B9/10) | D9: =IF(B9="","",COUNTIF($B$6:$B$9,">"&B9)+1) | E9: =IF(B9="","",TEXT(B9,"0.00")&" / 10") | G9: {=IFERROR(INDEX($A$6:$A$9,_xlfn.AGGREGATE(15,6,(ROW($A$6:$A$9)-ROW($A$6)+1)/($A$6:$A$9<>""),4)),"")} | H9: {=IF(G9="","",INDEX($B$6:$B$9,_xlfn.AGGREGATE(15,6,(ROW($A$6:$A$9)-ROW($A$6)+1)/($A$6:$A$9<>""),4)))}
A11: Winner | B11: =IF(COUNT(B6:B9)=0,"",INDEX(A6:A9,MATCH(MAX(B6:B9),B6:B9,0))) -> lenovo
A13: WEIGHTED CONTRIBUTION BY CRITERION | J13: SCENARIO WEIGHTS
A14: Criterion | B14: Importance | C14: =IF(INPUT!B10="","Option 1",INPUT!B10) -> lenovo | D14: =IF(INPUT!C10="","Option 2",INPUT!C10) -> HP | E14: =IF(INPUT!D10="","Option 3",INPUT!D10) -> ASUS | F14: =IF(INPUT!E10="","Option 4",INPUT!E10) -> Option 4 | J14: Budget Focus | K14: Performance Focus | L14: Long-Term Focus | N14: Criterion | O14: =IF(INPUT!B10="","Option 1",INPUT!B10) -> lenovo | P14: =IF(INPUT!C10="","Option 2",INPUT!C10) -> HP | Q14: =IF(INPUT!D10="","Option 3",INPUT!D10) -> ASUS | R14: =IF(INPUT!E10="","Option 4",INPUT!E10) -> Option 4
A15: =IF(INPUT!A15="","",INPUT!A15) -> Price | B15: =IF(A15="","",INPUT!B15) -> 0.25 | C15: =IF(OR(A15="",INPUT!B10="",INPUT!B28=""),"",INPUT!B28*INPUT!B15) -> 2 | D15: =IF(OR(A15="",INPUT!C10="",INPUT!C28=""),"",INPUT!C28*INPUT!B15) -> 2.25 | E15: =IF(OR(A15="",INPUT!D10="",INPUT!D28=""),"",INPUT!D28*INPUT!B15) -> 1.75 | F15: =IF(OR(A15="",INPUT!E10="",INPUT!E28=""),"",INPUT!E28*INPUT!B15) | J15: =IF(A15="","",IFERROR(_xlfn.XLOOKUP(A15,SETTINGS!$E$3:$E$8,SETTINGS!$F$3:$F$8),B15)) -> 0.5 | K15: =IF(A15="","",IFERROR(_xlfn.XLOOKUP(A15,SETTINGS!$E$3:$E$8,SETTINGS!$G$3:$G$8),B15)) -> 0.1 | L15: =IF(A15="","",IFERROR(_xlfn.XLOOKUP(A15,SETTINGS!$E$3:$E$8,SETTINGS!$H$3:$H$8),B15)) -> 0.1 | N15: =IF(A15="","",A15) -> Price | O15: =IF(OR(N15="",INPUT!B10="",INPUT!B28=""),"",INPUT!B28) -> 8 | P15: =IF(OR(N15="",INPUT!C10="",INPUT!C28=""),"",INPUT!C28) -> 9 | Q15: =IF(OR(N15="",INPUT!D10="",INPUT!D28=""),"",INPUT!D28) -> 7 | R15: =IF(OR(N15="",INPUT!E10="",INPUT!E28=""),"",INPUT!E28)
A16: =IF(INPUT!A16="","",INPUT!A16) -> Performance | B16: =IF(A16="","",INPUT!B16) -> 0.3 | C16: =IF(OR(A16="",INPUT!B10="",INPUT!B29=""),"",INPUT!B29*INPUT!B16) -> 2.7 | D16: =IF(OR(A16="",INPUT!C10="",INPUT!C29=""),"",INPUT!C29*INPUT!B16) -> 2.1 | E16: =IF(OR(A16="",INPUT!D10="",INPUT!D29=""),"",INPUT!D29*INPUT!B16) -> 3 | F16: =IF(OR(A16="",INPUT!E10="",INPUT!E29=""),"",INPUT!E29*INPUT!B16) | J16: =IF(A16="","",IFERROR(_xlfn.XLOOKUP(A16,SETTINGS!$E$3:$E$8,SETTINGS!$F$3:$F$8),B16)) -> 0.15 | K16: =IF(A16="","",IFERROR(_xlfn.XLOOKUP(A16,SETTINGS!$E$3:$E$8,SETTINGS!$G$3:$G$8),B16)) -> 0.45 | L16: =IF(A16="","",IFERROR(_xlfn.XLOOKUP(A16,SETTINGS!$E$3:$E$8,SETTINGS!$H$3:$H$8),B16)) -> 0.15 | N16: =IF(A16="","",A16) -> Performance | O16: =IF(OR(N16="",INPUT!B10="",INPUT!B29=""),"",INPUT!B29) -> 9 | P16: =IF(OR(N16="",INPUT!C10="",INPUT!C29=""),"",INPUT!C29) -> 7 | Q16: =IF(OR(N16="",INPUT!D10="",INPUT!D29=""),"",INPUT!D29) -> 10 | R16: =IF(OR(N16="",INPUT!E10="",INPUT!E29=""),"",INPUT!E29)
A17: =IF(INPUT!A17="","",INPUT!A17) -> Battery | B17: =IF(A17="","",INPUT!B17) -> 0.1 | C17: =IF(OR(A17="",INPUT!B10="",INPUT!B30=""),"",INPUT!B30*INPUT!B17) -> 0.7 | D17: =IF(OR(A17="",INPUT!C10="",INPUT!C30=""),"",INPUT!C30*INPUT!B17) -> 0.9 | E17: =IF(OR(A17="",INPUT!D10="",INPUT!D30=""),"",INPUT!D30*INPUT!B17) -> 0.6 | F17: =IF(OR(A17="",INPUT!E10="",INPUT!E30=""),"",INPUT!E30*INPUT!B17) | J17: =IF(A17="","",IFERROR(_xlfn.XLOOKUP(A17,SETTINGS!$E$3:$E$8,SETTINGS!$F$3:$F$8),B17)) -> 0.1 | K17: =IF(A17="","",IFERROR(_xlfn.XLOOKUP(A17,SETTINGS!$E$3:$E$8,SETTINGS!$G$3:$G$8),B17)) -> 0.1 | L17: =IF(A17="","",IFERROR(_xlfn.XLOOKUP(A17,SETTINGS!$E$3:$E$8,SETTINGS!$H$3:$H$8),B17)) -> 0.15 | N17: =IF(A17="","",A17) -> Battery | O17: =IF(OR(N17="",INPUT!B10="",INPUT!B30=""),"",INPUT!B30) -> 7 | P17: =IF(OR(N17="",INPUT!C10="",INPUT!C30=""),"",INPUT!C30) -> 9 | Q17: =IF(OR(N17="",INPUT!D10="",INPUT!D30=""),"",INPUT!D30) -> 6 | R17: =IF(OR(N17="",INPUT!E10="",INPUT!E30=""),"",INPUT!E30)
A18: =IF(INPUT!A18="","",INPUT!A18) -> Display | B18: =IF(A18="","",INPUT!B18) -> 0.1 | C18: =IF(OR(A18="",INPUT!B10="",INPUT!B31=""),"",INPUT!B31*INPUT!B18) -> 0.8 | D18: =IF(OR(A18="",INPUT!C10="",INPUT!C31=""),"",INPUT!C31*INPUT!B18) -> 0.8 | E18: =IF(OR(A18="",INPUT!D10="",INPUT!D31=""),"",INPUT!D31*INPUT!B18) -> 0.9 | F18: =IF(OR(A18="",INPUT!E10="",INPUT!E31=""),"",INPUT!E31*INPUT!B18) | J18: =IF(A18="","",IFERROR(_xlfn.XLOOKUP(A18,SETTINGS!$E$3:$E$8,SETTINGS!$F$3:$F$8),B18)) -> 0.05 | K18: =IF(A18="","",IFERROR(_xlfn.XLOOKUP(A18,SETTINGS!$E$3:$E$8,SETTINGS!$G$3:$G$8),B18)) -> 0.15 | L18: =IF(A18="","",IFERROR(_xlfn.XLOOKUP(A18,SETTINGS!$E$3:$E$8,SETTINGS!$H$3:$H$8),B18)) -> 0.05 | N18: =IF(A18="","",A18) -> Display | O18: =IF(OR(N18="",INPUT!B10="",INPUT!B31=""),"",INPUT!B31) -> 8 | P18: =IF(OR(N18="",INPUT!C10="",INPUT!C31=""),"",INPUT!C31) -> 8 | Q18: =IF(OR(N18="",INPUT!D10="",INPUT!D31=""),"",INPUT!D31) -> 9 | R18: =IF(OR(N18="",INPUT!E10="",INPUT!E31=""),"",INPUT!E31)
A19: =IF(INPUT!A19="","",INPUT!A19) -> Upgradeability | B19: =IF(A19="","",INPUT!B19) -> 0.15 | C19: =IF(OR(A19="",INPUT!B10="",INPUT!B32=""),"",INPUT!B32*INPUT!B19) -> 1.35 | D19: =IF(OR(A19="",INPUT!C10="",INPUT!C32=""),"",INPUT!C32*INPUT!B19) -> 0.9 | E19: =IF(OR(A19="",INPUT!D10="",INPUT!D32=""),"",INPUT!D32*INPUT!B19) -> 1.2 | F19: =IF(OR(A19="",INPUT!E10="",INPUT!E32=""),"",INPUT!E32*INPUT!B19) | J19: =IF(A19="","",IFERROR(_xlfn.XLOOKUP(A19,SETTINGS!$E$3:$E$8,SETTINGS!$F$3:$F$8),B19)) -> 0.1 | K19: =IF(A19="","",IFERROR(_xlfn.XLOOKUP(A19,SETTINGS!$E$3:$E$8,SETTINGS!$G$3:$G$8),B19)) -> 0.15 | L19: =IF(A19="","",IFERROR(_xlfn.XLOOKUP(A19,SETTINGS!$E$3:$E$8,SETTINGS!$H$3:$H$8),B19)) -> 0.25 | N19: =IF(A19="","",A19) -> Upgradeability | O19: =IF(OR(N19="",INPUT!B10="",INPUT!B32=""),"",INPUT!B32) -> 9 | P19: =IF(OR(N19="",INPUT!C10="",INPUT!C32=""),"",INPUT!C32) -> 6 | Q19: =IF(OR(N19="",INPUT!D10="",INPUT!D32=""),"",INPUT!D32) -> 8 | R19: =IF(OR(N19="",INPUT!E10="",INPUT!E32=""),"",INPUT!E32)
A20: =IF(INPUT!A20="","",INPUT!A20) -> Warranty | B20: =IF(A20="","",INPUT!B20) -> 0.1 | C20: =IF(OR(A20="",INPUT!B10="",INPUT!B33=""),"",INPUT!B33*INPUT!B20) -> 0.8 | D20: =IF(OR(A20="",INPUT!C10="",INPUT!C33=""),"",INPUT!C33*INPUT!B20) -> 0.9 | E20: =IF(OR(A20="",INPUT!D10="",INPUT!D33=""),"",INPUT!D33*INPUT!B20) -> 0.7 | F20: =IF(OR(A20="",INPUT!E10="",INPUT!E33=""),"",INPUT!E33*INPUT!B20) | J20: =IF(A20="","",IFERROR(_xlfn.XLOOKUP(A20,SETTINGS!$E$3:$E$8,SETTINGS!$F$3:$F$8),B20)) -> 0.1 | K20: =IF(A20="","",IFERROR(_xlfn.XLOOKUP(A20,SETTINGS!$E$3:$E$8,SETTINGS!$G$3:$G$8),B20)) -> 0.05 | L20: =IF(A20="","",IFERROR(_xlfn.XLOOKUP(A20,SETTINGS!$E$3:$E$8,SETTINGS!$H$3:$H$8),B20)) -> 0.3 | N20: =IF(A20="","",A20) -> Warranty | O20: =IF(OR(N20="",INPUT!B10="",INPUT!B33=""),"",INPUT!B33) -> 8 | P20: =IF(OR(N20="",INPUT!C10="",INPUT!C33=""),"",INPUT!C33) -> 9 | Q20: =IF(OR(N20="",INPUT!D10="",INPUT!D33=""),"",INPUT!D33) -> 7 | R20: =IF(OR(N20="",INPUT!E10="",INPUT!E33=""),"",INPUT!E33)
A21: =IF(INPUT!A21="","",INPUT!A21) | B21: =IF(A21="","",INPUT!B21) | C21: =IF(OR(A21="",INPUT!B10="",INPUT!B34=""),"",INPUT!B34*INPUT!B21) | D21: =IF(OR(A21="",INPUT!C10="",INPUT!C34=""),"",INPUT!C34*INPUT!B21) | E21: =IF(OR(A21="",INPUT!D10="",INPUT!D34=""),"",INPUT!D34*INPUT!B21) | F21: =IF(OR(A21="",INPUT!E10="",INPUT!E34=""),"",INPUT!E34*INPUT!B21) | J21: =IF(A21="","",IFERROR(_xlfn.XLOOKUP(A21,SETTINGS!$E$3:$E$8,SETTINGS!$F$3:$F$8),B21)) | K21: =IF(A21="","",IFERROR(_xlfn.XLOOKUP(A21,SETTINGS!$E$3:$E$8,SETTINGS!$G$3:$G$8),B21)) | L21: =IF(A21="","",IFERROR(_xlfn.XLOOKUP(A21,SETTINGS!$E$3:$E$8,SETTINGS!$H$3:$H$8),B21)) | N21: =IF(A21="","",A21) | O21: =IF(OR(N21="",INPUT!B10="",INPUT!B34=""),"",INPUT!B34) | P21: =IF(OR(N21="",INPUT!C10="",INPUT!C34=""),"",INPUT!C34) | Q21: =IF(OR(N21="",INPUT!D10="",INPUT!D34=""),"",INPUT!D34) | R21: =IF(OR(N21="",INPUT!E10="",INPUT!E34=""),"",INPUT!E34)
A22: =IF(INPUT!A22="","",INPUT!A22) | B22: =IF(A22="","",INPUT!B22) | C22: =IF(OR(A22="",INPUT!B10="",INPUT!B35=""),"",INPUT!B35*INPUT!B22) | D22: =IF(OR(A22="",INPUT!C10="",INPUT!C35=""),"",INPUT!C35*INPUT!B22) | E22: =IF(OR(A22="",INPUT!D10="",INPUT!D35=""),"",INPUT!D35*INPUT!B22) | F22: =IF(OR(A22="",INPUT!E10="",INPUT!E35=""),"",INPUT!E35*INPUT!B22) | J22: =IF(A22="","",IFERROR(_xlfn.XLOOKUP(A22,SETTINGS!$E$3:$E$8,SETTINGS!$F$3:$F$8),B22)) | K22: =IF(A22="","",IFERROR(_xlfn.XLOOKUP(A22,SETTINGS!$E$3:$E$8,SETTINGS!$G$3:$G$8),B22)) | L22: =IF(A22="","",IFERROR(_xlfn.XLOOKUP(A22,SETTINGS!$E$3:$E$8,SETTINGS!$H$3:$H$8),B22)) | N22: =IF(A22="","",A22) | O22: =IF(OR(N22="",INPUT!B10="",INPUT!B35=""),"",INPUT!B35) | P22: =IF(OR(N22="",INPUT!C10="",INPUT!C35=""),"",INPUT!C35) | Q22: =IF(OR(N22="",INPUT!D10="",INPUT!D35=""),"",INPUT!D35) | R22: =IF(OR(N22="",INPUT!E10="",INPUT!E35=""),"",INPUT!E35)
A23: Total | B23: =SUM(B15:B22) -> 1 | C23: =IF(INPUT!B10="","",SUM(C15:C22)) -> 8.35 | D23: =IF(INPUT!C10="","",SUM(D15:D22)) -> 7.85 | E23: =IF(INPUT!D10="","",SUM(E15:E22)) -> 8.15 | F23: =IF(INPUT!E10="","",SUM(F15:F22))
I25: Scenario score | J25: Budget Focus | K25: Performance Focus | L25: Long-Term Focus
I26: =A6 -> lenovo | J26: =IF(OR(A6="",SUM(J15:J22)=0),"",SUMPRODUCT(INPUT!B28:B35,J15:J22)/SUM(J15:J22)) -> 8.15 | K26: =IF(OR(A6="",SUM(K15:K22)=0),"",SUMPRODUCT(INPUT!B28:B35,K15:K22)/SUM(K15:K22)) -> 8.5 | L26: =IF(OR(A6="",SUM(L15:L22)=0),"",SUMPRODUCT(INPUT!B28:B35,L15:L22)/SUM(L15:L22)) -> 8.25
I27: =A7 -> HP | J27: =IF(OR(A7="",SUM(J15:J22)=0),"",SUMPRODUCT(INPUT!C28:C35,J15:J22)/SUM(J15:J22)) -> 8.35 | K27: =IF(OR(A7="",SUM(K15:K22)=0),"",SUMPRODUCT(INPUT!C28:C35,K15:K22)/SUM(K15:K22)) -> 7.5 | L27: =IF(OR(A7="",SUM(L15:L22)=0),"",SUMPRODUCT(INPUT!C28:C35,L15:L22)/SUM(L15:L22)) -> 7.9
I28: =A8 -> ASUS | J28: =IF(OR(A8="",SUM(J15:J22)=0),"",SUMPRODUCT(INPUT!D28:D35,J15:J22)/SUM(J15:J22)) -> 7.55 | K28: =IF(OR(A8="",SUM(K15:K22)=0),"",SUMPRODUCT(INPUT!D28:D35,K15:K22)/SUM(K15:K22)) -> 8.7 | L28: =IF(OR(A8="",SUM(L15:L22)=0),"",SUMPRODUCT(INPUT!D28:D35,L15:L22)/SUM(L15:L22)) -> 7.65
I29: =A9 | J29: =IF(OR(A9="",SUM(J15:J22)=0),"",SUMPRODUCT(INPUT!E28:E35,J15:J22)/SUM(J15:J22)) | K29: =IF(OR(A9="",SUM(K15:K22)=0),"",SUMPRODUCT(INPUT!E28:E35,K15:K22)/SUM(K15:K22)) | L29: =IF(OR(A9="",SUM(L15:L22)=0),"",SUMPRODUCT(INPUT!E28:E35,L15:L22)/SUM(L15:L22))

Sheet RESULT
A1: DECISION ANALYSIS
A4: Decision: | B4: =INPUT!B4 -> Which laptop should I buy? | I4: Type: | J4: =INPUT!B6 -> Laptop
A6: =IF(CALCULATOR!B11="","Add options on INPUT to see a recommendation.","Recommended: "&CALCULATOR!B11&" · "&TEXT(MAX(CALCULATOR!B6:B9),"0.00")&" / 10") -> Recommended: lenovo · 8.35 / 10
A7: OPTION 1 | D7: OPTION 2 | G7: OPTION 3 | J7: OPTION 4
A8: =IF(CALCULATOR!A6="","Not used",CALCULATOR!A6) -> lenovo | D8: =IF(CALCULATOR!A7="","Not used",CALCULATOR!A7) -> HP | G8: =IF(CALCULATOR!A8="","Not used",CALCULATOR!A8) -> ASUS | J8: =IF(CALCULATOR!A9="","Not used",CALCULATOR!A9) -> Not used
A9: Weighted score | C9: =IF(CALCULATOR!A6="","",CALCULATOR!B6) -> 8.35 | D9: Weighted score | F9: =IF(CALCULATOR!A7="","",CALCULATOR!B7) -> 7.85 | G9: Weighted score | I9: =IF(CALCULATOR!A8="","",CALCULATOR!B8) -> 8.15 | J9: Weighted score | L9: =IF(CALCULATOR!A9="","",CALCULATOR!B9)
A10: Score out of 10 | C10: =IF(CALCULATOR!A6="","",CALCULATOR!E6) -> 8.35 / 10 | D10: Score out of 10 | F10: =IF(CALCULATOR!A7="","",CALCULATOR!E7) -> 7.85 / 10 | G10: Score out of 10 | I10: =IF(CALCULATOR!A8="","",CALCULATOR!E8) -> 8.15 / 10 | J10: Score out of 10 | L10: =IF(CALCULATOR!A9="","",CALCULATOR!E9)
A11: Percentage | C11: =IF(CALCULATOR!A6="","",CALCULATOR!C6) -> 0.835 | D11: Percentage | F11: =IF(CALCULATOR!A7="","",CALCULATOR!C7) -> 0.785 | G11: Percentage | I11: =IF(CALCULATOR!A8="","",CALCULATOR!C8) -> 0.815 | J11: Percentage | L11: =IF(CALCULATOR!A9="","",CALCULATOR!C9)
A12: Position | C12: =IF(CALCULATOR!A6="","",CALCULATOR!D6) -> 1 | D12: Position | F12: =IF(CALCULATOR!A7="","",CALCULATOR!D7) -> 3 | G12: Position | I12: =IF(CALCULATOR!A8="","",CALCULATOR!D8) -> 2 | J12: Position | L12: =IF(CALCULATOR!A9="","",CALCULATOR!D9)
A15: DETAILED COMPARISON
A16: Criteria | B16: Importance | C16: =IF(INPUT!B10="","Option 1",INPUT!B10) -> lenovo | D16: =IF(INPUT!C10="","Option 2",INPUT!C10) -> HP | E16: =IF(INPUT!D10="","Option 3",INPUT!D10) -> ASUS | F16: =IF(INPUT!E10="","Option 4",INPUT!E10) -> Option 4
A17: =IF(INPUT!A15="","",INPUT!A15) -> Price | B17: =IF(A17="","",INPUT!B15) -> 0.25 | C17: =IF(OR(A17="",INPUT!B10=""),"",INPUT!B28) -> 8 | D17: =IF(OR(A17="",INPUT!C10=""),"",INPUT!C28) -> 9 | E17: =IF(OR(A17="",INPUT!D10=""),"",INPUT!D28) -> 7 | F17: =IF(OR(A17="",INPUT!E10=""),"",INPUT!E28)
A18: =IF(INPUT!A16="","",INPUT!A16) -> Performance | B18: =IF(A18="","",INPUT!B16) -> 0.3 | C18: =IF(OR(A18="",INPUT!B10=""),"",INPUT!B29) -> 9 | D18: =IF(OR(A18="",INPUT!C10=""),"",INPUT!C29) -> 7 | E18: =IF(OR(A18="",INPUT!D10=""),"",INPUT!D29) -> 10 | F18: =IF(OR(A18="",INPUT!E10=""),"",INPUT!E29)
A19: =IF(INPUT!A17="","",INPUT!A17) -> Battery | B19: =IF(A19="","",INPUT!B17) -> 0.1 | C19: =IF(OR(A19="",INPUT!B10=""),"",INPUT!B30) -> 7 | D19: =IF(OR(A19="",INPUT!C10=""),"",INPUT!C30) -> 9 | E19: =IF(OR(A19="",INPUT!D10=""),"",INPUT!D30) -> 6 | F19: =IF(OR(A19="",INPUT!E10=""),"",INPUT!E30)
A20: =IF(INPUT!A18="","",INPUT!A18) -> Display | B20: =IF(A20="","",INPUT!B18) -> 0.1 | C20: =IF(OR(A20="",INPUT!B10=""),"",INPUT!B31) -> 8 | D20: =IF(OR(A20="",INPUT!C10=""),"",INPUT!C31) -> 8 | E20: =IF(OR(A20="",INPUT!D10=""),"",INPUT!D31) -> 9 | F20: =IF(OR(A20="",INPUT!E10=""),"",INPUT!E31)
A21: =IF(INPUT!A19="","",INPUT!A19) -> Upgradeability | B21: =IF(A21="","",INPUT!B19) -> 0.15 | C21: =IF(OR(A21="",INPUT!B10=""),"",INPUT!B32) -> 9 | D21: =IF(OR(A21="",INPUT!C10=""),"",INPUT!C32) -> 6 | E21: =IF(OR(A21="",INPUT!D10=""),"",INPUT!D32) -> 8 | F21: =IF(OR(A21="",INPUT!E10=""),"",INPUT!E32)
A22: =IF(INPUT!A20="","",INPUT!A20) -> Warranty | B22: =IF(A22="","",INPUT!B20) -> 0.1 | C22: =IF(OR(A22="",INPUT!B10=""),"",INPUT!B33) -> 8 | D22: =IF(OR(A22="",INPUT!C10=""),"",INPUT!C33) -> 9 | E22: =IF(OR(A22="",INPUT!D10=""),"",INPUT!D33) -> 7 | F22: =IF(OR(A22="",INPUT!E10=""),"",INPUT!E33)
A23: =IF(INPUT!A21="","",INPUT!A21) | B23: =IF(A23="","",INPUT!B21) | C23: =IF(OR(A23="",INPUT!B10=""),"",INPUT!B34) | D23: =IF(OR(A23="",INPUT!C10=""),"",INPUT!C34) | E23: =IF(OR(A23="",INPUT!D10=""),"",INPUT!D34) | F23: =IF(OR(A23="",INPUT!E10=""),"",INPUT!E34)
A24: =IF(INPUT!A22="","",INPUT!A22) | B24: =IF(A24="","",INPUT!B22) | C24: =IF(OR(A24="",INPUT!B10=""),"",INPUT!B35) | D24: =IF(OR(A24="",INPUT!C10=""),"",INPUT!C35) | E24: =IF(OR(A24="",INPUT!D10=""),"",INPUT!D35) | F24: =IF(OR(A24="",INPUT!E10=""),"",INPUT!E35)
A26: CRITERIA ANALYSIS
A27: Criterion | B27: Importance | C27: =C16 -> lenovo | D27: =D16 -> HP | E27: =E16 -> ASUS | F27: =F16 -> Option 4
A28: =CALCULATOR!A15 -> Price | B28: =IF(A28="","",CALCULATOR!B15) -> 0.25 | C28: =IF(A28="","",CALCULATOR!C15) -> 2 | D28: =IF(A28="","",CALCULATOR!D15) -> 2.25 | E28: =IF(A28="","",CALCULATOR!E15) -> 1.75 | F28: =IF(A28="","",CALCULATOR!F15)
A29: =CALCULATOR!A16 -> Performance | B29: =IF(A29="","",CALCULATOR!B16) -> 0.3 | C29: =IF(A29="","",CALCULATOR!C16) -> 2.7 | D29: =IF(A29="","",CALCULATOR!D16) -> 2.1 | E29: =IF(A29="","",CALCULATOR!E16) -> 3 | F29: =IF(A29="","",CALCULATOR!F16)
A30: =CALCULATOR!A17 -> Battery | B30: =IF(A30="","",CALCULATOR!B17) -> 0.1 | C30: =IF(A30="","",CALCULATOR!C17) -> 0.7 | D30: =IF(A30="","",CALCULATOR!D17) -> 0.9 | E30: =IF(A30="","",CALCULATOR!E17) -> 0.6 | F30: =IF(A30="","",CALCULATOR!F17)
A31: =CALCULATOR!A18 -> Display | B31: =IF(A31="","",CALCULATOR!B18) -> 0.1 | C31: =IF(A31="","",CALCULATOR!C18) -> 0.8 | D31: =IF(A31="","",CALCULATOR!D18) -> 0.8 | E31: =IF(A31="","",CALCULATOR!E18) -> 0.9 | F31: =IF(A31="","",CALCULATOR!F18)
A32: =CALCULATOR!A19 -> Upgradeability | B32: =IF(A32="","",CALCULATOR!B19) -> 0.15 | C32: =IF(A32="","",CALCULATOR!C19) -> 1.35 | D32: =IF(A32="","",CALCULATOR!D19) -> 0.9 | E32: =IF(A32="","",CALCULATOR!E19) -> 1.2 | F32: =IF(A32="","",CALCULATOR!F19)
A33: =CALCULATOR!A20 -> Warranty | B33: =IF(A33="","",CALCULATOR!B20) -> 0.1 | C33: =IF(A33="","",CALCULATOR!C20) -> 0.8 | D33: =IF(A33="","",CALCULATOR!D20) -> 0.9 | E33: =IF(A33="","",CALCULATOR!E20) -> 0.7 | F33: =IF(A33="","",CALCULATOR!F20)
A34: =CALCULATOR!A21 | B34: =IF(A34="","",CALCULATOR!B21) | C34: =IF(A34="","",CALCULATOR!C21) | D34: =IF(A34="","",CALCULATOR!D21) | E34: =IF(A34="","",CALCULATOR!E21) | F34: =IF(A34="","",CALCULATOR!F21)
A35: =CALCULATOR!A22 | B35: =IF(A35="","",CALCULATOR!B22) | C35: =IF(A35="","",CALCULATOR!C22) | D35: =IF(A35="","",CALCULATOR!D22) | E35: =IF(A35="","",CALCULATOR!E22) | F35: =IF(A35="","",CALCULATOR!F22)
A36: Weighted contribution = score x importance. Radar uses raw 1-10 scores.
A38: WHAT-IF ANALYSIS
A39: Change INPUT weights. Profiles rescale to 0-10.
A41: Scenario | B41: What it emphasizes | C41: =IF(CALCULATOR!I26="","Option 1",CALCULATOR!I26) -> lenovo | D41: =IF(CALCULATOR!I27="","Option 2",CALCULATOR!I27) -> HP | E41: =IF(CALCULATOR!I28="","Option 3",CALCULATOR!I28) -> ASUS | F41: =IF(CALCULATOR!I29="","Option 4",CALCULATOR!I29) -> Option 4 | G41: Leader
A42: Current weights | B42: Your INPUT priorities | C42: =IF(CALCULATOR!A6="","",CALCULATOR!B6) -> 8.35 | D42: =IF(CALCULATOR!A7="","",CALCULATOR!B7) -> 7.85 | E42: =IF(CALCULATOR!A8="","",CALCULATOR!B8) -> 8.15 | F42: =IF(CALCULATOR!A9="","",CALCULATOR!B9) | G42: =IF(COUNT(C42:F42)=0,"",INDEX(C$41:F$41,MATCH(MAX(C42:F42),C42:F42,0))) -> lenovo
A43: Budget Focus | B43: Price 50% | C43: =CALCULATOR!J26 -> 8.15 | D43: =CALCULATOR!J27 -> 8.35 | E43: =CALCULATOR!J28 -> 7.55 | F43: =CALCULATOR!J29 | G43: =IF(COUNT(C43:F43)=0,"",INDEX(C$41:F$41,MATCH(MAX(C43:F43),C43:F43,0))) -> HP
A44: Performance Focus | B44: Performance 45% | C44: =CALCULATOR!K26 -> 8.5 | D44: =CALCULATOR!K27 -> 7.5 | E44: =CALCULATOR!K28 -> 8.7 | F44: =CALCULATOR!K29 | G44: =IF(COUNT(C44:F44)=0,"",INDEX(C$41:F$41,MATCH(MAX(C44:F44),C44:F44,0))) -> ASUS
A45: Long-Term Focus | B45: Warranty 30%, upgrades 25% | C45: =CALCULATOR!L26 -> 8.25 | D45: =CALCULATOR!L27 -> 7.9 | E45: =CALCULATOR!L28 -> 7.65 | F45: =CALCULATOR!L29 | G45: =IF(COUNT(C45:F45)=0,"",INDEX(C$41:F$41,MATCH(MAX(C45:F45),C45:F45,0))) -> lenovo
A47: =HYPERLINK("#INPUT!A1","← Edit inputs") -> ← Edit inputs | C47: =HYPERLINK("#HOME!A1","Home") -> Home | E47: =HYPERLINK("#SETTINGS!A1","Settings") -> Settings

Sheet SETTINGS
A1: DECISION TYPES | C1: COMMON CRITERIA | E1: SCENARIO WEIGHT PROFILES
A2: Laptop | C2: Price | E2: Criterion | F2: Budget Focus | G2: Performance Focus | H2: Long-Term Focus
A3: Smartphone | C3: Performance | E3: Price | F3: 0.5 | G3: 0.1 | H3: 0.1
A4: Car | C4: Battery | E4: Performance | F4: 0.15 | G4: 0.45 | H4: 0.15
A5: College | C5: Display | E5: Battery | F5: 0.1 | G5: 0.1 | H5: 0.15
A6: Course | C6: Upgradeability | E6: Display | F6: 0.05 | G6: 0.15 | H6: 0.05
A7: Job | C7: Warranty | E7: Upgradeability | F7: 0.1 | G7: 0.15 | H7: 0.25
A8: Subscription | C8: Reliability | E8: Warranty | F8: 0.1 | G8: 0.05 | H8: 0.3
A9: Vacation | C9: Comfort
A10: Monthly Budget | C10: Brand | E10: How scenarios work
A11: Other | C11: Support | E11: Other criteria keep the INPUT weight.
C12: Resale Value
C13: Portability | E13: Score scale
C14: Features | E14: Minimum score | F14: 1
C15: Value for Money | E15: Maximum score | F15: 10
E17: App
E18: Name | F18: DECISION ENGINE
E19: Version | F19: 1
